{"schemaVersion":"1.0","appDefinitionTemplate":{"id":"/providers/Microsoft.PowerApps/apps/","type":"Microsoft.PowerApps/apps","tags":{"primaryDeviceWidth":"1366","primaryDeviceHeight":"768","sienaVersion":"20220217T221954Z-3.22021.27.0","deviceCapabilities":"","supportsPortrait":"true","supportsLandscape":"true","primaryFormFactor":"Tablet","publisherVersion":"3.22021.27","minimumRequiredApiVersion":"2.2.0","hasComponent":"false","hasUnlockedComponent":"false","isUnifiedRootApp":"false"},"properties":{"appVersion":"2022-02-17T22:19:54Z","lifeCycleId":"Published","createdByClientVersion":{"major":3,"minor":22021,"build":27,"revision":0,"majorRevision":0,"minorRevision":0},"minClientVersion":{"major":3,"minor":22021,"build":27,"revision":0,"majorRevision":0,"minorRevision":0},"backgroundColor":"RGBA(0,176,240,1)","backgroundImageUri":"/12829714621832446612/Nfb8a929f-c780-4d3e-aeb0-d974bf41034f-logoSmallFile","displayName":"AppTesteCRUD","description":"","commitMessage":"","appUris":{"documentUri":{"value":"/12829714621832446612/N238d8bf9-751b-4c31-9fcf-9ad2b00660f2-document.msapp"},"imageUris":[]},"createdTime":"0001-01-01T00:00:00Z","lastModifiedTime":"0001-01-01T00:00:00Z","sharedGroupsCount":0,"sharedUsersCount":0,"icons":{"smallIconUri":"/12829714621832446612/Nf6862b4b-a9d1-45d6-b33e-372e9ffc49fd-small.png","mediumIconUri":"/12829714621832446612/N811d9684-118f-4b22-be06-13db39d93915-medium.png","largeIconUri":"/12829714621832446612/N80c2a4f9-3c51-4700-b093-589d13fc0bf9-large.png","wideIconUri":"/12829714621832446612/Ne3adf453-cdb1-4a9d-9fdc-35f2ecd1a888-wide.png"},"connectionReferences":{"721c6386-3477-4a47-8085-83d6c207cc9f":{"id":"a528acdc-a9b6-46b5-ae0b-7f83ab96f6de","displayName":"SharePoint","iconUri":"https://connectoricons-prod.azureedge.net/releases/v1.0.1550/1.0.1550.2686/sharepointonline/icon.png","dataSources":["usuarios","contatos"],"dependencies":[],"dependents":[],"parameterHints":{},"parameterHintsV2":{},"isOnPremiseConnection":false,"bypassConsent":false,"dataSets":{"https://rthq.sharepoint.com/sites/AppTeste":{"dataSources":{"usuarios":{"tableName":"3ed7672a-327f-4635-a458-1ee7edce60ec"},"contatos":{"tableName":"a0574795-c86d-4dff-9cfc-9da799a097ce"}}}},"apiTier":"Standard","isCustomApiConnection":false,"actions":["providers/PowerPlatform.Governance/Operations/Read","providers/PowerPlatform.Governance/Operations/Write","providers/PowerPlatform.Governance/Operations/Delete"]},"fd672d26-c474-4730-a722-80f2042856f2":{"id":"243a3d49-2c94-4344-a85d-aca28706f69a","displayName":"Office 365 Outlook","iconUri":"https://connectoricons-prod.azureedge.net/releases/v1.0.1538/1.0.1538.2621/office365/icon.png","dataSources":["Office365Outlook"],"dependencies":[],"dependents":[],"parameterHints":{},"parameterHintsV2":{},"isOnPremiseConnection":false,"bypassConsent":false,"dataSets":{},"apiTier":"Standard","isCustomApiConnection":false}},"databaseReferences":{},"almMode":"Environment","performanceOptimizationEnabled":true,"canConsumeAppPass":true,"executionRestrictions":{"isTeamsOnly":false,"dataLossPreventionEvaluationResult":{"status":"Compliant","lastEvaluationDate":"2022-02-14T23:29:09.111042Z","violations":[],"violationsByPolicy":[],"violationErrorMessage":"O aplicativo usa os seguintes conectores: shared_sharepointonline."}}},"appType":"ClassicCanvasApp","appComponents":[]}}